"0","# Dataframe manipulation"
"0","library(dplyr) "
"0","# Plot display"
"0","library(ggplot2)"
"0","# Improved string operations"
"0","library(glue)"
"0","# Dataframe manipulation"
"0","library(tidyr)"
"0","# Graph data management"
"0","library(igraph)"
"0","# Remove transitive edges on a graph"
"0","library(relations)"
"0","# Interactive graph visualization"
"0","library(networkD3)"
"0","# Interactive graph visualization"
"0","library(visNetwork)"
"0","# Correlation plot visualization"
"0","library(ggcorrplot)"
"0","# Functional R programming"
"0","library(purrr)"
"0","# Graph Visualization"
"0","library(ggraph)"
